{"cameraMode":{"drawMode":0,"name":"Shaded","section":"Shading Mode"},"sceneLighting":true,"audioPlay":false,"sceneViewState":{"showFog":true,"showMaterialUpdate":false,"showSkybox":true,"showFlares":true,"showImageEffects":true,"showParticleSystems":true},"in2DMode":false,"pivot":{"x":332.40118408203127,"y":-128.38226318359376,"z":-51.0665283203125},"rotation":{"x":-0.014884387142956257,"y":0.9687469601631165,"z":-0.24046319723129273,"w":-0.059649888426065448},"size":1389.619140625,"orthographic":false}