{"cameraMode":{"drawMode":0,"name":"Shaded","section":"Shading Mode"},"sceneLighting":true,"audioPlay":false,"sceneViewState":{"showFog":true,"showMaterialUpdate":false,"showSkybox":true,"showFlares":true,"showImageEffects":true,"showParticleSystems":true},"in2DMode":false,"pivot":{"x":389.9823913574219,"y":56.67950439453125,"z":331.55438232421877},"rotation":{"x":-0.0024357435759156944,"y":0.9414706230163574,"z":-0.33707305788993838,"w":-0.006774665787816048},"size":1310.74072265625,"orthographic":false}