{"cameraMode":{"drawMode":0,"name":"Shaded","section":"Shading Mode"},"sceneLighting":true,"audioPlay":false,"sceneViewState":{"showFog":true,"showMaterialUpdate":false,"showSkybox":true,"showFlares":true,"showImageEffects":true,"showParticleSystems":true},"in2DMode":false,"pivot":{"x":394.3426513671875,"y":260.5756530761719,"z":647.763671875},"rotation":{"x":0.02860172837972641,"y":0.9706971645355225,"z":-0.18600016832351685,"w":0.1496858149766922},"size":534.6011962890625,"orthographic":false}